CompanyName,CompanyState,CompanyCity,CompanyZipCode,CompanyAddress
Analytics8,NC,Raleigh,27601,150 Fayetteville St #950
Red Hat,NC,Raleigh,27601,100 E Davie St
Metlife,NC,Raleigh,27607,2501 Blue Ridge Rd
Kimley-Horn,NC,Raleigh,27601,421 Fayetteville St STE 600
Honeywell,NC,Charlotte,28202,855 S Mint St
Spectrum,NC,Charlotte,28217,7810 Crescent Executive Dr
Bank of America,NC,Charlotte,28202,100 N Tryon St
GoHealth,NC,Charlotte,28262,10101 Claude Freeman Dr Suite 100W
Sunrise Technologies,NC,Winston-Salem,27101,525 Vine St STE 210
"Small Footprint, Inc.",NC,Winston-Salem,27101,301 N Main St #2206
RIA Solutions Group,NC,Winston-Salem,27101,486 N Patterson Ave Suite 251
Dell Technologies,NC,Winston-Salem,27101,119 Brookstown Ave # 200
